,Stock name,Date,Year,Month,Day,dayOfWeek,Close,Open,High,Low,Volume,Positive,Negative,Neutral,Total_Tweets
0,NVDA,2020-01-01,2020,1,1,Wednesday,59.9775,59.6875,59.9775,59.18,23767876.0,1,0,0,1
1,NVDA,2020-01-02,2020,1,2,Thursday,59.9775,59.6875,59.9775,59.18,23767876.0,2,0,1,3
2,NVDA,2020-01-03,2020,1,3,Friday,59.0175,58.775,59.4575,58.525,20577232.0,2,0,1,3
3,NVDA,2020-01-04,2020,1,4,Saturday,59.1,58.54333333333333,59.410833333333336,58.28916666666667,22481904.0,0,1,1,2
4,NVDA,2020-01-05,2020,1,5,Sunday,59.1825,58.31166666666667,59.36416666666667,58.053333333333335,24386576.0,3,0,0,3
5,NVDA,2020-01-06,2020,1,6,Monday,59.265,58.08,59.3175,57.8175,26291248.0,1,0,0,1
6,NVDA,2020-01-07,2020,1,7,Tuesday,59.9825,59.55,60.4425,59.0975,31920576.0,2,1,0,3
7,NVDA,2020-01-08,2020,1,8,Wednesday,60.095,59.94,60.51,59.5373,27724068.0,1,0,0,1
8,NVDA,2020-01-09,2020,1,9,Thursday,60.755,60.9625,61.4824,60.2137,25544212.0,1,1,2,4
9,NVDA,2020-01-10,2020,1,10,Friday,61.08,61.8325,62.1375,60.9375,31646240.0,2,0,1,3
10,NVDA,2020-01-11,2020,1,11,Saturday,61.718333333333334,61.86,62.50736666666667,61.1875,31775428.0,2,0,1,3
11,NVDA,2020-01-12,2020,1,12,Sunday,62.35666666666666,61.8875,62.877233333333336,61.4375,31904616.0,1,0,1,2
12,NVDA,2020-01-13,2020,1,13,Monday,62.995,61.915,63.2471,61.6875,32033804.0,3,0,2,5
13,NVDA,2020-01-14,2020,1,14,Tuesday,61.82,62.565,62.82,61.6875,35957932.0,1,0,1,2
14,NVDA,2020-01-15,2020,1,15,Wednesday,61.3925,61.9475,62.1723,61.1325,26310544.0,4,0,2,6
15,NVDA,2020-01-16,2020,1,16,Thursday,62.2325,61.93,62.2925,61.6938,28419164.0,2,0,0,2
16,NVDA,2020-01-17,2020,1,17,Friday,62.32,62.425,62.5,61.8425,25379056.0,4,0,0,4
17,NVDA,2020-01-18,2020,1,18,Saturday,62.23625,62.306574999999995,62.455625,61.792525,24482217.0,1,0,1,2
18,NVDA,2020-01-19,2020,1,19,Sunday,62.1525,62.18815,62.411249999999995,61.74255,23585378.0,0,0,2,2
19,NVDA,2020-01-20,2020,1,20,Monday,62.06875,62.069725000000005,62.366875,61.692575000000005,22688539.0,0,0,1,1
20,NVDA,2020-01-21,2020,1,21,Tuesday,61.985,61.9513,62.3225,61.6426,21791700.0,1,0,2,3
21,NVDA,2020-01-22,2020,1,22,Wednesday,62.5125,62.44,63.3975,62.25,23923868.0,1,1,4,6
22,NVDA,2020-01-23,2020,1,23,Thursday,63.215,62.93,63.3,62.0375,24451444.0,5,0,1,6
23,NVDA,2020-01-24,2020,1,24,Friday,62.62,64.375,64.875,62.075,37351356.0,3,1,2,6
24,NVDA,2020-01-25,2020,1,25,Saturday,61.76333333333333,62.77,63.4375,60.73583333333333,40585370.666666664,1,0,2,3
25,NVDA,2020-01-26,2020,1,26,Sunday,60.906666666666666,61.165,62.0,59.39666666666667,43819385.333333336,0,0,1,1
26,NVDA,2020-01-27,2020,1,27,Monday,60.05,59.56,60.5625,58.0575,47053400.0,5,0,3,8
27,NVDA,2020-01-28,2020,1,28,Tuesday,61.9925,60.7125,62.3175,60.1786,31097604.0,3,0,1,4
28,NVDA,2020-01-29,2020,1,29,Wednesday,61.385,61.8475,62.21,60.985,25945116.0,2,0,0,2
29,NVDA,2020-01-30,2020,1,30,Thursday,61.4525,60.4025,61.5875,59.85,29050360.0,3,1,2,6
30,NVDA,2020-01-31,2020,1,31,Friday,59.1075,60.9925,61.1125,58.6875,37041972.0,4,0,1,5
31,NVDA,2020-02-01,2020,2,1,Saturday,59.432500000000005,60.303333333333335,60.834266666666664,58.74583333333333,33225588.0,1,0,1,2
32,NVDA,2020-02-02,2020,2,2,Sunday,59.7575,59.61416666666666,60.55603333333333,58.80416666666667,29409204.0,2,0,1,3
33,NVDA,2020-02-03,2020,2,3,Monday,60.0825,58.925,60.2778,58.8625,25592820.0,3,2,2,7
34,NVDA,2020-02-04,2020,2,4,Tuesday,61.7825,61.5075,61.975,61.005,27154356.0,1,1,0,2
35,NVDA,2020-02-05,2020,2,5,Wednesday,62.69,62.9975,63.1,61.8525,20822008.0,2,3,1,6
36,NVDA,2020-02-06,2020,2,6,Thursday,63.5613,63.035,63.5625,62.22,21828204.0,3,0,1,4
37,NVDA,2020-02-07,2020,2,7,Friday,62.8975,63.16,63.3825,62.643,18975212.0,1,1,2,4
38,NVDA,2020-02-08,2020,2,8,Saturday,63.84583333333334,63.14833333333333,64.17166666666667,62.787,30303728.0,4,0,3,7
39,NVDA,2020-02-09,2020,2,9,Sunday,64.79416666666667,63.13666666666666,64.96083333333334,62.931000000000004,41632244.0,1,1,1,3
40,NVDA,2020-02-10,2020,2,10,Monday,65.7425,63.125,65.75,63.075,52960760.0,1,2,3,6
41,NVDA,2020-02-11,2020,2,11,Tuesday,66.9725,66.83,68.125,66.2075,63855680.0,2,3,3,8
42,NVDA,2020-02-12,2020,2,12,Wednesday,68.135,67.5025,68.2,67.1119,37464472.0,2,1,2,5
43,NVDA,2020-02-13,2020,2,13,Thursday,67.695,67.5525,68.37,67.2775,52801520.0,7,5,9,21
44,NVDA,2020-02-14,2020,2,14,Friday,72.4475,71.815,73.7425,71.5,104192360.0,16,2,7,25
45,NVDA,2020-02-15,2020,2,15,Saturday,72.87125,71.714,73.88875,71.42875000000001,93691300.0,7,1,3,11
46,NVDA,2020-02-16,2020,2,16,Sunday,73.295,71.613,74.035,71.3575,83190240.0,1,0,1,2
47,NVDA,2020-02-17,2020,2,17,Monday,73.71875,71.512,74.18125,71.28625,72689180.0,1,1,2,4
48,NVDA,2020-02-18,2020,2,18,Tuesday,74.1425,71.411,74.3275,71.215,62188120.0,3,1,1,5
49,NVDA,2020-02-19,2020,2,19,Wednesday,78.675,75.3725,78.8525,75.3714,69433120.0,5,0,6,11
50,NVDA,2020-02-20,2020,2,20,Thursday,77.175,78.1912,79.08,74.0875,81005040.0,1,0,4,5
51,NVDA,2020-02-21,2020,2,21,Friday,73.5175,76.0475,76.3,72.665,76929320.0,5,1,2,8
52,NVDA,2020-02-22,2020,2,22,Saturday,71.785,73.21416666666667,74.35603333333333,70.77666666666667,79850040.0,2,0,2,4
53,NVDA,2020-02-23,2020,2,23,Sunday,70.0525,70.38083333333333,72.41206666666668,68.88833333333334,82770760.0,0,1,1,2
54,NVDA,2020-02-24,2020,2,24,Monday,68.32,67.5475,70.4681,67.0,85691480.0,4,1,5,10
55,NVDA,2020-02-25,2020,2,25,Tuesday,65.5125,69.076,69.6975,64.49,105549760.0,1,1,6,8
56,NVDA,2020-02-26,2020,2,26,Wednesday,66.9125,65.515,68.8625,65.5,74966160.0,4,1,0,5
57,NVDA,2020-02-27,2020,2,27,Thursday,63.15,63.725,66.75,62.2225,90641480.0,2,1,1,4
58,NVDA,2020-02-28,2020,2,28,Friday,67.5175,60.6138,68.115,60.4475,113467520.0,2,2,2,6
59,NVDA,2020-02-29,2020,2,29,Saturday,68.0475,63.484199999999994,68.54249999999999,62.04833333333333,105336533.33333333,1,0,1,2
60,NVDA,2020-03-01,2020,3,1,Sunday,68.5775,66.35459999999999,68.97,63.649166666666666,97205546.66666667,2,0,2,4
61,NVDA,2020-03-02,2020,3,2,Monday,69.1075,69.225,69.3975,65.25,89074560.0,1,1,1,3
62,NVDA,2020-03-03,2020,3,3,Tuesday,66.4725,69.6666,70.2675,65.615,65279320.0,3,0,2,5
63,NVDA,2020-03-04,2020,3,4,Wednesday,71.1275,67.55,71.2225,66.8,59740720.0,3,0,2,5
64,NVDA,2020-03-05,2020,3,5,Thursday,68.3225,69.125,70.8,67.875,54032760.0,3,1,0,4
65,NVDA,2020-03-06,2020,3,6,Friday,66.51,66.52,67.0975,64.5,51541240.0,1,0,2,3
66,NVDA,2020-03-07,2020,3,7,Saturday,64.79333333333334,64.33833333333334,66.34833333333333,62.848333333333336,54832773.333333336,1,1,1,3
67,NVDA,2020-03-08,2020,3,8,Sunday,63.07666666666667,62.156666666666666,65.59916666666666,61.196666666666665,58124306.666666664,3,0,2,5
68,NVDA,2020-03-09,2020,3,9,Monday,61.36,59.975,64.85,59.545,61415840.0,2,1,2,5
69,NVDA,2020-03-10,2020,3,10,Tuesday,65.27,64.135,65.27,61.4975,58064880.0,4,1,4,9
70,NVDA,2020-03-11,2020,3,11,Wednesday,61.6175,63.8638,64.15,60.6425,50206760.0,0,0,1,1
71,NVDA,2020-03-12,2020,3,12,Thursday,54.0775,56.365,59.0298,53.95,81654160.0,0,0,3,3
72,NVDA,2020-03-13,2020,3,13,Friday,60.21,57.625,60.255,54.9025,63483760.0,0,0,1,1
73,NVDA,2020-03-14,2020,3,14,Saturday,56.50666666666667,56.1175,59.01166666666667,52.76833333333334,66554906.666666664,0,0,2,2
74,NVDA,2020-03-15,2020,3,15,Sunday,52.803333333333335,54.61,57.76833333333333,50.634166666666665,69626053.33333333,0,0,1,1
75,NVDA,2020-03-16,2020,3,16,Monday,49.1,53.1025,56.525,48.5,72697200.0,0,0,3,3
76,NVDA,2020-03-17,2020,3,17,Tuesday,54.3175,50.2275,55.215,47.75,83363200.0,1,0,4,5
77,NVDA,2020-03-18,2020,3,18,Wednesday,50.705,50.0238,52.485,45.1702,87426640.0,3,0,5,8
78,NVDA,2020-03-19,2020,3,19,Thursday,53.2425,50.49,54.1825,48.3475,76551400.0,0,1,2,3
79,NVDA,2020-03-20,2020,3,20,Friday,51.4375,54.75,57.58,51.2825,80463400.0,1,1,0,2
80,NVDA,2020-03-21,2020,3,21,Saturday,52.305,53.088750000000005,55.849999999999994,50.45625,72425440.0,1,1,3,5
81,NVDA,2020-03-23,2020,3,23,Monday,53.1725,51.4275,54.12,49.63,64387480.0,0,0,2,2
82,NVDA,2020-03-24,2020,3,24,Tuesday,62.295,57.25,63.165,57.0125,110164400.0,3,3,6,12
83,NVDA,2020-03-25,2020,3,25,Wednesday,61.405,63.45,65.455,60.915,79343080.0,0,2,3,5
84,NVDA,2020-03-26,2020,3,26,Thursday,64.31,63.485,65.555,62.5,69758760.0,3,0,3,6
85,NVDA,2020-03-27,2020,3,27,Friday,63.1825,62.5,65.7794,62.17,63882960.0,2,0,1,3
86,NVDA,2020-03-28,2020,3,28,Saturday,64.25416666666666,62.946666666666665,66.01626666666667,62.579166666666666,62663640.0,0,0,1,1
87,NVDA,2020-03-29,2020,3,29,Sunday,65.32583333333332,63.39333333333334,66.25313333333332,62.98833333333334,61444320.0,1,0,0,1
88,NVDA,2020-03-30,2020,3,30,Monday,66.3975,63.84,66.49,63.3975,60225000.0,5,0,2,7
89,NVDA,2020-03-31,2020,3,31,Tuesday,65.9,66.8,68.85,64.4375,94996040.0,2,0,2,4
90,NVDA,2020-04-01,2020,4,1,Wednesday,60.7675,63.9125,65.3825,60.32,65691320.0,3,0,2,5
91,NVDA,2020-04-02,2020,4,2,Thursday,63.8675,61.06,64.0,60.5775,67576440.0,1,0,2,3
92,NVDA,2020-04-03,2020,4,3,Friday,60.9775,63.49,63.9075,59.5975,66321400.0,2,1,2,5
93,NVDA,2020-04-04,2020,4,4,Saturday,63.01833333333333,63.59666666666667,65.095,60.80916666666666,68477013.33333333,0,1,1,2
94,NVDA,2020-04-05,2020,4,5,Sunday,65.05916666666667,63.70333333333333,66.2825,62.020833333333336,70632626.66666667,1,0,2,3
95,NVDA,2020-04-06,2020,4,6,Monday,67.1,63.81,67.47,63.2325,72788240.0,1,0,1,2
96,NVDA,2020-04-07,2020,4,7,Tuesday,64.7575,69.325,69.5625,64.325,78452200.0,1,0,3,4
97,NVDA,2020-04-08,2020,4,8,Wednesday,66.7375,65.8525,66.9875,65.15,54244440.0,0,2,2,4
98,NVDA,2020-04-09,2020,4,9,Thursday,65.7375,68.0,68.23,65.105,52624800.0,3,2,3,8
99,NVDA,2020-04-10,2020,4,10,Friday,66.16875,67.284375,68.06,64.89125,49428782.0,0,1,1,2
100,NVDA,2020-04-11,2020,4,11,Saturday,66.6,66.56875,67.89,64.67750000000001,46232764.0,1,0,0,1
101,NVDA,2020-04-12,2020,4,12,Sunday,67.03125,65.853125,67.72,64.46375,43036746.0,2,0,1,3
102,NVDA,2020-04-13,2020,4,13,Monday,67.4625,65.1375,67.55,64.25,39840728.0,3,1,5,9
103,NVDA,2020-04-14,2020,4,14,Tuesday,70.9875,68.75,71.33,68.4723,53094680.0,7,4,5,16
104,NVDA,2020-04-15,2020,4,15,Wednesday,70.21,69.3,71.0418,68.845,36614884.0,5,0,2,7
105,NVDA,2020-04-16,2020,4,16,Thursday,73.675,71.77,74.75,71.6375,74562040.0,1,1,2,4
106,NVDA,2020-04-17,2020,4,17,Friday,73.08,74.5,74.715,71.735,53912200.0,2,1,5,8
107,NVDA,2020-04-18,2020,4,18,Saturday,72.64083333333333,73.60333333333334,74.26833333333333,71.59583333333333,50921080.0,2,1,1,4
108,NVDA,2020-04-19,2020,4,19,Sunday,72.20166666666667,72.70666666666666,73.82166666666667,71.45666666666666,47929960.0,2,1,0,3
109,NVDA,2020-04-20,2020,4,20,Monday,71.7625,71.81,73.375,71.3175,44938840.0,3,0,3,6
110,NVDA,2020-04-21,2020,4,21,Tuesday,67.3775,70.5775,71.1925,66.7775,73516000.0,0,2,2,4
111,NVDA,2020-04-22,2020,4,22,Wednesday,71.5375,69.3075,71.9675,68.85,48472920.0,2,0,4,6
112,NVDA,2020-04-23,2020,4,23,Thursday,71.0025,71.96,73.2844,70.75,42415960.0,6,4,4,14
113,NVDA,2020-04-24,2020,4,24,Friday,72.3975,70.9,72.4175,70.15,35264548.0,1,1,2,4
114,NVDA,2020-04-25,2020,4,25,Saturday,73.02166666666666,71.84916666666668,73.57000000000001,71.26666666666667,39489298.666666664,2,0,1,3
115,NVDA,2020-04-26,2020,4,26,Sunday,73.64583333333333,72.79833333333333,74.7225,72.38333333333334,43714049.333333336,2,0,2,4
116,NVDA,2020-04-27,2020,4,27,Monday,74.27,73.7475,75.875,73.5,47938800.0,0,1,5,6
117,NVDA,2020-04-28,2020,4,28,Tuesday,72.84,75.75,76.05,72.785,44290400.0,4,2,6,12
118,NVDA,2020-04-29,2020,4,29,Wednesday,74.615,74.1925,75.145,73.4375,37916188.0,3,0,3,6
119,NVDA,2020-04-30,2020,4,30,Thursday,73.07,74.0733,74.615,72.93,37591772.0,2,1,6,9
120,NVDA,2020-05-01,2020,5,1,Friday,70.695,71.0875,72.225,70.2108,34209780.0,3,0,2,5
121,NVDA,2020-05-02,2020,5,2,Saturday,71.40376666666666,70.79833333333333,72.47,70.21386666666668,33391693.333333332,1,0,3,4
122,NVDA,2020-05-03,2020,5,3,Sunday,72.11253333333333,70.50916666666667,72.71499999999999,70.21693333333333,32573606.666666668,2,0,1,3
123,NVDA,2020-05-04,2020,5,4,Monday,72.8213,70.22,72.96,70.22,31755520.0,3,1,3,7
124,NVDA,2020-05-05,2020,5,5,Tuesday,73.435,73.8675,75.0675,72.8225,36889564.0,1,0,5,6
125,NVDA,2020-05-06,2020,5,6,Wednesday,74.4475,74.2325,75.5,73.8525,32346556.0,3,0,0,3
126,NVDA,2020-05-07,2020,5,7,Thursday,76.2175,75.845,76.8525,75.3307,37373052.0,3,1,5,9
127,NVDA,2020-05-08,2020,5,8,Friday,78.125,76.9375,78.1875,76.5975,33990712.0,2,1,4,7
128,NVDA,2020-05-09,2020,5,9,Saturday,78.96833333333333,77.31666666666666,79.16666666666667,76.99416666666666,38295808.0,1,0,1,2
129,NVDA,2020-05-10,2020,5,10,Sunday,79.81166666666667,77.69583333333334,80.14583333333333,77.39083333333333,42600904.0,3,0,2,5
130,NVDA,2020-05-11,2020,5,11,Monday,80.655,78.075,81.125,77.7875,46906000.0,6,0,4,10
131,NVDA,2020-05-12,2020,5,12,Tuesday,78.025,81.235,81.725,77.9275,49305920.0,3,1,2,6
132,NVDA,2020-05-13,2020,5,13,Wednesday,77.8,79.175,80.785,75.9475,62585000.0,9,0,3,12
133,NVDA,2020-05-14,2020,5,14,Thursday,80.305,78.4163,80.36,76.875,60231240.0,7,1,5,13
134,NVDA,2020-05-15,2020,5,15,Friday,84.9075,78.8975,85.005,78.74,98766160.0,5,1,6,12
135,NVDA,2020-05-16,2020,5,16,Saturday,85.7725,81.8,86.39166666666667,81.42833333333333,91724226.66666667,5,0,1,6
136,NVDA,2020-05-17,2020,5,17,Sunday,86.6375,84.7025,87.77833333333334,84.11666666666667,84682293.33333333,4,1,4,9
137,NVDA,2020-05-18,2020,5,18,Monday,87.5025,87.605,89.165,86.805,77640360.0,4,2,5,11
138,NVDA,2020-05-19,2020,5,19,Tuesday,88.055,87.9025,90.875,87.6275,71732200.0,4,0,7,11
139,NVDA,2020-05-20,2020,5,20,Wednesday,89.7,89.91,90.43,88.8875,58753640.0,6,2,4,12
140,NVDA,2020-05-21,2020,5,21,Thursday,87.7525,90.515,90.5241,87.375,76106960.0,8,1,8,17
141,NVDA,2020-05-22,2020,5,22,Friday,90.2625,88.2525,90.93,87.1325,103876520.0,8,1,13,22
142,NVDA,2020-05-23,2020,5,23,Saturday,89.49125000000001,89.08125,91.151875,87.02937499999999,97176870.0,1,0,2,3
143,NVDA,2020-05-24,2020,5,24,Sunday,88.72,89.91,91.37375,86.92625,90477220.0,3,0,2,5
144,NVDA,2020-05-25,2020,5,25,Monday,87.94874999999999,90.73875,91.595625,86.823125,83777570.0,2,1,3,6
145,NVDA,2020-05-26,2020,5,26,Tuesday,87.1775,91.5675,91.8175,86.72,77077920.0,3,1,5,9
146,NVDA,2020-05-27,2020,5,27,Wednesday,85.2525,86.25,86.3275,79.9675,117589240.0,5,0,4,9
147,NVDA,2020-05-28,2020,5,28,Thursday,84.87,84.1225,87.605,83.7925,73612800.0,3,3,6,12
148,NVDA,2020-05-29,2020,5,29,Friday,88.755,85.545,88.755,84.85,74591960.0,4,0,9,13
149,NVDA,2020-05-30,2020,5,30,Saturday,88.52416666666666,86.47416666666666,88.63916666666667,85.53166666666667,62745006.666666664,0,1,2,3
150,NVDA,2020-05-31,2020,5,31,Sunday,88.29333333333334,87.40333333333334,88.52333333333333,86.21333333333332,50898053.33333333,2,0,3,5
151,NVDA,2020-06-01,2020,6,1,Monday,88.0625,88.3325,88.4075,86.895,39051100.0,4,0,4,8
152,NVDA,2020-06-02,2020,6,2,Tuesday,88.2525,87.9625,88.3725,86.58,39132056.0,2,0,3,5
153,NVDA,2020-06-03,2020,6,3,Wednesday,87.695,88.2225,88.6625,87.0,36543888.0,4,2,6,12
154,NVDA,2020-06-04,2020,6,4,Thursday,87.665,87.28,89.4325,86.775,42427840.0,11,1,4,16
155,NVDA,2020-06-05,2020,6,5,Friday,89.2,87.945,89.97,87.0798,48174600.0,3,1,3,7
156,NVDA,2020-06-06,2020,6,6,Saturday,88.81666666666666,88.22083333333333,89.61206666666666,87.0057,45040974.666666664,1,0,2,3
157,NVDA,2020-06-07,2020,6,7,Sunday,88.43333333333334,88.49666666666666,89.25413333333333,86.9316,41907349.333333336,2,1,3,6
158,NVDA,2020-06-08,2020,6,8,Monday,88.05,88.7725,88.8962,86.8575,38773724.0,8,0,2,10
159,NVDA,2020-06-09,2020,6,9,Tuesday,90.46,88.0,91.0975,87.5125,46848880.0,9,2,12,23
160,NVDA,2020-06-10,2020,6,10,Wednesday,93.6675,91.6775,95.0,91.535,63218160.0,8,3,14,25
161,NVDA,2020-06-11,2020,6,11,Thursday,87.9625,91.5,92.6125,87.86,58365040.0,5,0,8,13
162,NVDA,2020-06-12,2020,6,12,Friday,89.325,91.625,91.8725,87.0335,57090800.0,4,1,4,9
163,NVDA,2020-06-13,2020,6,13,Saturday,90.12916666666666,90.4675,91.85583333333334,87.16816666666666,51393933.333333336,1,0,2,3
164,NVDA,2020-06-14,2020,6,14,Sunday,90.93333333333334,89.31,91.83916666666667,87.30283333333334,45697066.666666664,1,1,3,5
165,NVDA,2020-06-15,2020,6,15,Monday,91.7375,88.1525,91.8225,87.4375,40000200.0,8,1,5,14
166,NVDA,2020-06-16,2020,6,16,Tuesday,90.685,92.25,92.6675,88.3875,53571520.0,4,0,4,8
167,NVDA,2020-06-17,2020,6,17,Wednesday,92.36,91.1375,92.99,90.7025,40830560.0,2,0,5,7
168,NVDA,2020-06-18,2020,6,18,Thursday,92.18,92.27,92.825,91.145,25440952.0,7,1,4,12
169,NVDA,2020-06-19,2020,6,19,Friday,92.6125,92.425,94.45,92.2734,52416040.0,5,1,5,11
170,NVDA,2020-06-20,2020,6,20,Saturday,93.94,92.7125,94.88125,92.50319999999999,46131344.0,1,0,3,4
171,NVDA,2020-06-22,2020,6,22,Monday,95.2675,93.0,95.3125,92.733,39846648.0,8,0,4,12
172,NVDA,2020-06-23,2020,6,23,Tuesday,94.5,95.51,96.425,94.075,37510740.0,8,0,7,15
173,NVDA,2020-06-24,2020,6,24,Wednesday,92.355,94.7625,95.5638,91.445,44937080.0,6,1,4,11
174,NVDA,2020-06-25,2020,6,25,Thursday,94.9,93.5575,95.05,91.8225,37607200.0,4,1,3,8
175,NVDA,2020-06-26,2020,6,26,Friday,91.55,95.0,95.0,91.25,59208560.0,6,0,11,17
176,NVDA,2020-06-27,2020,6,27,Saturday,91.7,93.89916666666667,94.015,90.5,50880644.0,0,1,1,2
177,NVDA,2020-06-28,2020,6,28,Sunday,91.85,92.79833333333333,93.03,89.75,42552728.0,2,0,2,4
178,NVDA,2020-06-29,2020,6,29,Monday,92.0,91.6975,92.045,89.0,34224812.0,2,2,1,5
179,NVDA,2020-06-30,2020,6,30,Tuesday,94.9775,93.1399,95.2625,92.665,36789200.0,1,0,8,9
180,NVDA,2020-07-01,2020,7,1,Wednesday,95.3,95.2075,95.7567,94.13,32664680.0,3,0,4,7
181,NVDA,2020-07-02,2020,7,2,Thursday,96.1225,96.39,97.375,95.7825,36405408.0,3,2,2,7
182,NVDA,2020-07-03,2020,7,3,Friday,96.69,96.646875,97.803125,96.11812499999999,35201399.0,4,0,7,11
183,NVDA,2020-07-04,2020,7,4,Saturday,97.2575,96.90375,98.23125,96.45375,33997390.0,6,0,2,8
184,NVDA,2020-07-05,2020,7,5,Sunday,97.825,97.16062500000001,98.65937500000001,96.789375,32793381.0,6,0,5,11
185,NVDA,2020-07-06,2020,7,6,Monday,98.3925,97.4175,99.0875,97.125,31589372.0,8,1,5,14
186,NVDA,2020-07-07,2020,7,7,Tuesday,98.7175,99.4625,100.7,98.5075,35779972.0,6,0,10,16
187,NVDA,2020-07-08,2020,7,8,Wednesday,102.16,99.9375,102.25,99.655,36548052.0,5,1,7,13
188,NVDA,2020-07-09,2020,7,9,Thursday,105.09,103.8025,105.7,102.335,49454720.0,9,1,8,18
189,NVDA,2020-07-10,2020,7,10,Friday,104.7925,105.8875,106.5525,103.7875,49767480.0,7,1,14,22
190,NVDA,2020-07-11,2020,7,11,Saturday,103.36916666666667,105.90833333333333,107.00916666666666,102.60833333333333,48414146.666666664,8,1,4,13
191,NVDA,2020-07-12,2020,7,12,Sunday,101.94583333333333,105.92916666666667,107.46583333333334,101.42916666666666,47060813.333333336,6,0,5,11
192,NVDA,2020-07-13,2020,7,13,Monday,100.5225,105.95,107.9225,100.25,45707480.0,10,1,2,13
193,NVDA,2020-07-14,2020,7,14,Tuesday,103.77,100.75,104.0275,97.855,54267440.0,4,1,6,11
194,NVDA,2020-07-15,2020,7,15,Wednesday,102.2725,104.1425,104.33,100.5575,40398480.0,8,1,2,11
195,NVDA,2020-07-16,2020,7,16,Thursday,101.3475,100.15,102.0675,98.955,34496472.0,4,0,1,5
196,NVDA,2020-07-17,2020,7,17,Friday,102.015,102.255,102.485,100.8775,26628464.0,2,2,4,8
197,NVDA,2020-07-18,2020,7,18,Saturday,103.04583333333333,102.4175,103.4275,101.1075,27247337.333333332,8,1,0,9
198,NVDA,2020-07-19,2020,7,19,Sunday,104.07666666666667,102.58,104.37,101.33749999999999,27866210.666666668,7,0,1,8
199,NVDA,2020-07-20,2020,7,20,Monday,105.1075,102.7425,105.3125,101.5675,28485084.0,6,2,6,14
200,NVDA,2020-07-21,2020,7,21,Tuesday,103.285,105.13,105.5993,102.8675,27766684.0,3,1,3,7
201,NVDA,2020-07-22,2020,7,22,Wednesday,104.3875,103.675,106.025,102.9156,36729084.0,5,1,2,8
202,NVDA,2020-07-23,2020,7,23,Thursday,101.2975,104.5,105.47,100.3125,41166120.0,8,0,3,11
203,NVDA,2020-07-24,2020,7,24,Friday,101.945,98.75,103.6475,97.77,47329200.0,3,1,3,7
204,NVDA,2020-07-25,2020,7,25,Saturday,102.70166666666667,99.94083333333333,103.90416666666667,99.23916666666666,41290473.333333336,9,0,1,10
205,NVDA,2020-07-26,2020,7,26,Sunday,103.45833333333333,101.13166666666667,104.16083333333333,100.70833333333333,35251746.666666664,12,0,1,13
206,NVDA,2020-07-27,2020,7,27,Monday,104.215,102.3225,104.4175,102.1775,29213020.0,6,1,4,11
207,NVDA,2020-07-28,2020,7,28,Tuesday,102.155,103.7425,103.82,102.0925,27163604.0,4,1,7,12
208,NVDA,2020-07-29,2020,7,29,Wednesday,104.655,103.908,105.1625,103.47,28450768.0,4,1,8,13
209,NVDA,2020-07-30,2020,7,30,Thursday,106.14,103.75,106.2305,102.9525,30888016.0,6,1,4,11
210,NVDA,2020-07-31,2020,7,31,Friday,106.1475,105.6325,107.665,104.33,38628600.0,5,0,4,9
211,NVDA,2020-08-01,2020,8,1,Saturday,107.46583333333334,106.19666666666666,108.77250000000001,105.27083333333333,39519680.0,8,0,1,9
212,NVDA,2020-08-02,2020,8,2,Sunday,108.78416666666666,106.76083333333334,109.88,106.21166666666667,40410760.0,8,0,1,9
213,NVDA,2020-08-03,2020,8,3,Monday,110.1025,107.325,110.9875,107.1525,41301840.0,7,2,2,11
214,NVDA,2020-08-04,2020,8,4,Tuesday,112.2775,110.5,112.2775,109.06,31033560.0,5,1,3,9
215,NVDA,2020-08-05,2020,8,5,Wednesday,112.8675,112.44,113.7168,111.6625,25049972.0,5,1,6,12
216,NVDA,2020-08-06,2020,8,6,Thursday,113.355,113.4975,113.58,111.7875,24431568.0,4,0,4,8
217,NVDA,2020-08-07,2020,8,7,Friday,111.995,113.125,115.0475,110.375,34251596.0,0,0,4,4
218,NVDA,2020-08-08,2020,8,8,Saturday,111.88000000000001,113.1975,114.72583333333333,109.77166666666666,37094264.0,7,1,1,9
219,NVDA,2020-08-09,2020,8,9,Sunday,111.765,113.27,114.40416666666667,109.16833333333334,39936932.0,8,0,1,9
220,NVDA,2020-08-10,2020,8,10,Monday,111.65,113.3425,114.0825,108.565,42779600.0,3,1,5,9
221,NVDA,2020-08-11,2020,8,11,Tuesday,108.5,110.7375,111.3675,107.9575,35451052.0,4,1,3,8
222,NVDA,2020-08-12,2020,8,12,Wednesday,114.4025,109.9075,114.67,109.5825,46494280.0,10,1,4,15
223,NVDA,2020-08-13,2020,8,13,Thursday,114.43,115.46,117.2175,113.5575,37445956.0,7,2,1,10
224,NVDA,2020-08-14,2020,8,14,Friday,115.64,115.3,117.0475,114.405,36643616.0,3,0,5,8
225,NVDA,2020-08-15,2020,8,15,Saturday,118.21666666666667,116.37083333333334,119.3975,115.66063333333334,45139104.0,11,0,2,13
226,NVDA,2020-08-16,2020,8,16,Sunday,120.79333333333334,117.44166666666666,121.7475,116.91626666666666,53634592.0,6,0,2,8
227,NVDA,2020-08-17,2020,8,17,Monday,123.37,118.5125,124.0975,118.1719,62130080.0,9,1,9,19
228,NVDA,2020-08-18,2020,8,18,Tuesday,122.6075,124.5,124.96,120.8625,50344640.0,13,2,5,20
229,NVDA,2020-08-19,2020,8,19,Wednesday,121.385,122.965,123.15,120.98,62262240.0,19,0,14,33
230,NVDA,2020-08-20,2020,8,20,Thursday,121.41,119.75,123.75,118.7875,92138640.0,10,4,13,27
231,NVDA,2020-08-21,2020,8,21,Friday,126.835,122.0175,128.087,121.9516,99986960.0,8,1,1,10
232,NVDA,2020-08-22,2020,8,22,Saturday,126.9575,124.29083333333334,128.433,122.99273333333333,83010120.0,8,1,2,11
233,NVDA,2020-08-23,2020,8,23,Sunday,127.08,126.56416666666667,128.779,124.03386666666667,66033280.0,3,1,2,6
234,NVDA,2020-08-24,2020,8,24,Monday,127.2025,128.8375,129.125,125.075,49056440.0,11,0,5,16
235,NVDA,2020-08-25,2020,8,25,Tuesday,127.5,126.3075,127.6125,125.7375,28907680.0,9,0,3,12
236,NVDA,2020-08-26,2020,8,26,Wednesday,127.73,127.9924,128.6849,126.7775,32124292.0,5,3,5,13
237,NVDA,2020-08-27,2020,8,27,Thursday,126.2825,127.815,128.5,125.6643,31760292.0,8,1,4,13
238,NVDA,2020-08-28,2020,8,28,Friday,131.4775,126.7493,131.48,126.425,53715840.0,8,0,5,13
239,NVDA,2020-08-29,2020,8,29,Saturday,132.23333333333332,128.44213333333335,132.90333333333334,127.74249999999999,52505266.666666664,7,0,1,8
240,NVDA,2020-08-30,2020,8,30,Sunday,132.98916666666668,130.13496666666666,134.32666666666665,129.06,51294693.333333336,3,0,6,9
241,NVDA,2020-08-31,2020,8,31,Monday,133.745,131.8278,135.75,130.3775,50084120.0,13,1,6,20
242,NVDA,2020-09-01,2020,9,1,Tuesday,138.21,134.8,139.9375,134.365,51247400.0,9,6,14,29
243,NVDA,2020-09-02,2020,9,2,Wednesday,143.465,147.0375,147.2675,139.0,87401280.0,16,2,12,30
244,NVDA,2020-09-03,2020,9,3,Thursday,130.155,138.2863,138.845,128.7875,94512600.0,8,11,6,25
245,NVDA,2020-09-04,2020,9,4,Friday,126.225,127.8375,131.75,117.0475,146368280.0,3,8,8,19
246,NVDA,2020-09-05,2020,9,5,Saturday,124.45124999999999,125.214375,130.1875,117.04625,129669450.0,4,2,1,7
247,NVDA,2020-09-06,2020,9,6,Sunday,122.6775,122.59125,128.625,117.045,112970620.0,2,0,1,3
248,NVDA,2020-09-07,2020,9,7,Monday,120.90375,119.968125,127.0625,117.04375,96271790.0,5,0,4,9
249,NVDA,2020-09-08,2020,9,8,Tuesday,119.13,117.345,125.5,117.0425,79572960.0,6,5,6,17
250,NVDA,2020-09-09,2020,9,9,Wednesday,127.15,124.0,128.0925,122.3175,73619840.0,5,3,5,13
251,NVDA,2020-09-10,2020,9,10,Thursday,123.1175,129.8925,130.6525,121.67,69868440.0,6,1,3,10
252,NVDA,2020-09-11,2020,9,11,Friday,121.645,124.855,126.525,118.9575,63692680.0,6,0,1,7
253,NVDA,2020-09-12,2020,9,12,Saturday,124.00416666666666,126.84,128.73333333333335,121.4088,82519946.66666667,4,2,2,8
254,NVDA,2020-09-13,2020,9,13,Sunday,126.36333333333333,128.825,130.94166666666666,123.8601,101347213.33333334,3,1,4,8
255,NVDA,2020-09-14,2020,9,14,Monday,128.7225,130.81,133.15,126.3114,120174480.0,19,2,13,34
256,NVDA,2020-09-15,2020,9,15,Tuesday,129.91,132.8,132.9875,128.2775,72755640.0,11,3,19,33
257,NVDA,2020-09-16,2020,9,16,Wednesday,125.145,129.5725,130.9275,125.1375,55759960.0,15,3,3,21
258,NVDA,2020-09-17,2020,9,17,Thursday,124.635,121.3223,125.8975,120.3475,79251160.0,8,4,7,19
259,NVDA,2020-09-18,2020,9,18,Friday,121.8925,125.9375,126.325,119.8875,69846200.0,4,4,5,13
260,NVDA,2020-09-19,2020,9,19,Saturday,122.98583333333333,123.70833333333333,125.95833333333333,119.60666666666667,70598880.0,1,1,2,4
261,NVDA,2020-09-20,2020,9,20,Sunday,124.07916666666667,121.47916666666667,125.59166666666667,119.32583333333334,71351560.0,1,0,1,2
262,NVDA,2020-09-21,2020,9,21,Monday,125.1725,119.25,125.225,119.045,72104240.0,6,2,2,10
263,NVDA,2020-09-22,2020,9,22,Tuesday,126.3775,125.75,126.48,121.5555,64645200.0,5,1,6,12
264,NVDA,2020-09-23,2020,9,23,Wednesday,121.2375,125.755,127.27,120.7925,64701240.0,4,3,4,11
265,NVDA,2020-09-24,2020,9,24,Thursday,123.48,120.7225,125.695,120.14,73124040.0,5,1,2,8
266,NVDA,2020-09-25,2020,9,25,Friday,128.7375,124.475,128.835,122.4575,58801640.0,10,1,5,16
267,NVDA,2020-09-26,2020,9,26,Saturday,129.275,126.45083333333334,129.39583333333334,124.13833333333334,58328066.666666664,2,1,2,5
268,NVDA,2020-09-27,2020,9,27,Sunday,129.8125,128.42666666666668,129.95666666666668,125.81916666666666,57854493.333333336,4,1,2,7
269,NVDA,2020-09-28,2020,9,28,Monday,130.35,130.4025,130.5175,127.5,57380920.0,7,2,3,12
270,NVDA,2020-09-29,2020,9,29,Tuesday,132.2575,129.375,134.4275,129.3325,62300480.0,10,1,8,19
271,NVDA,2020-09-30,2020,9,30,Wednesday,135.305,131.575,136.225,131.5025,68918400.0,15,3,5,23
272,NVDA,2020-10-01,2020,10,1,Thursday,136.145,137.58,137.6274,134.6075,52500240.0,3,1,7,11
273,NVDA,2020-10-02,2020,10,2,Friday,130.6225,132.25,135.195,130.51,55249600.0,3,1,3,7
274,NVDA,2020-10-03,2020,10,3,Saturday,132.55666666666667,132.28666666666666,135.61083333333332,131.08256666666665,52827013.333333336,2,0,1,3
275,NVDA,2020-10-04,2020,10,4,Sunday,134.49083333333334,132.32333333333335,136.02666666666667,131.65513333333334,50404426.666666664,3,0,0,3
276,NVDA,2020-10-05,2020,10,5,Monday,136.425,132.36,136.4425,132.2277,47981840.0,10,0,3,13
277,NVDA,2020-10-06,2020,10,6,Tuesday,137.365,138.3,141.42,136.65,78442000.0,7,0,9,16
278,NVDA,2020-10-07,2020,10,7,Wednesday,139.64,139.9975,141.1925,138.635,41808520.0,6,0,5,11
279,NVDA,2020-10-08,2020,10,8,Thursday,138.3875,140.75,140.845,137.58,37890088.0,6,2,1,9
280,NVDA,2020-10-09,2020,10,9,Friday,137.6275,137.67,138.2425,136.6075,34689092.0,7,0,4,11
281,NVDA,2020-10-10,2020,10,10,Saturday,139.17166666666665,138.41166666666666,139.985,137.44666666666666,37617528.0,2,1,0,3
282,NVDA,2020-10-11,2020,10,11,Sunday,140.71583333333334,139.15333333333334,141.7275,138.28583333333333,40545964.0,4,0,2,6
283,NVDA,2020-10-12,2020,10,12,Monday,142.26,139.895,143.47,139.125,43474400.0,6,0,2,8
284,NVDA,2020-10-13,2020,10,13,Tuesday,142.4825,142.965,143.485,140.1863,34460312.0,2,0,7,9
285,NVDA,2020-10-14,2020,10,14,Wednesday,140.9525,142.905,143.4275,139.6,27664712.0,4,1,2,7
286,NVDA,2020-10-15,2020,10,15,Thursday,139.7,138.1068,140.0575,137.6775,26722512.0,6,1,2,9
287,NVDA,2020-10-16,2020,10,16,Friday,138.115,140.3675,141.215,137.925,24263960.0,4,1,0,5
288,NVDA,2020-10-17,2020,10,17,Saturday,137.06916666666666,139.92126666666667,140.755,136.63916666666668,26111592.0,3,2,0,5
289,NVDA,2020-10-18,2020,10,18,Sunday,136.02333333333334,139.47503333333333,140.29500000000002,135.35333333333332,27959224.0,2,2,3,7
290,NVDA,2020-10-19,2020,10,19,Monday,134.9775,139.0288,139.835,134.0675,29806856.0,2,0,0,2
291,NVDA,2020-10-20,2020,10,20,Tuesday,136.455,135.835,137.9975,135.07,22921204.0,3,0,8,11
292,NVDA,2020-10-21,2020,10,21,Wednesday,135.2475,136.25,137.915,134.775,21959732.0,5,2,5,12
293,NVDA,2020-10-22,2020,10,22,Thursday,133.61,135.225,136.1175,132.3175,29047944.0,4,0,4,8
294,NVDA,2020-10-23,2020,10,23,Friday,135.9025,134.5,135.9325,132.9125,23348428.0,2,1,5,8
295,NVDA,2020-10-24,2020,10,24,Saturday,134.40583333333333,134.42333333333335,136.2643,132.07,26795429.333333332,0,0,2,2
296,NVDA,2020-10-25,2020,10,25,Sunday,132.90916666666666,134.34666666666666,136.5961,131.2275,30242430.666666668,0,1,0,1
297,NVDA,2020-10-26,2020,10,26,Monday,131.4125,134.27,136.9279,130.385,33689432.0,3,1,3,7
298,NVDA,2020-10-27,2020,10,27,Tuesday,133.9675,133.06,134.42,131.915,25051968.0,3,0,3,6
299,NVDA,2020-10-28,2020,10,28,Wednesday,126.27,131.98,132.6,126.09,37651808.0,4,0,5,9
300,NVDA,2020-10-29,2020,10,29,Thursday,130.24,128.385,131.9275,127.5,32008184.0,6,0,4,10
301,NVDA,2020-10-30,2020,10,30,Friday,125.34,128.5,129.3638,123.0,41739600.0,3,2,7,12
302,NVDA,2020-10-31,2020,10,31,Saturday,125.49583333333334,127.85916666666667,129.0314,123.31666666666666,37814821.333333336,1,2,2,5
303,NVDA,2020-11-01,2020,11,1,Sunday,125.65166666666667,127.21833333333333,128.699,123.63333333333334,33890042.666666664,4,0,3,7
304,NVDA,2020-11-02,2020,11,2,Monday,125.8075,126.5775,128.3666,123.95,29965264.0,1,0,4,5
305,NVDA,2020-11-03,2020,11,3,Tuesday,130.195,127.085,131.05,126.0275,27290108.0,3,0,4,7
306,NVDA,2020-11-04,2020,11,4,Wednesday,137.9425,133.8925,138.275,133.3688,41022920.0,3,0,4,7
307,NVDA,2020-11-05,2020,11,5,Thursday,141.6,141.625,143.39,139.91,31902832.0,1,1,2,4
308,NVDA,2020-11-06,2020,11,6,Friday,145.62,141.0975,145.8875,138.95,38334928.0,5,1,2,8
309,NVDA,2020-11-07,2020,11,7,Saturday,142.51583333333335,142.57333333333332,146.23,138.0025,44989218.666666664,1,0,3,4
310,NVDA,2020-11-08,2020,11,8,Sunday,139.41166666666666,144.04916666666668,146.5725,137.05499999999998,51643509.333333336,2,0,5,7
311,NVDA,2020-11-09,2020,11,9,Monday,136.3075,145.525,146.915,136.1075,58297800.0,8,6,3,17
312,NVDA,2020-11-10,2020,11,10,Tuesday,127.7,136.065,136.065,126.2825,64406720.0,5,4,3,12
313,NVDA,2020-11-11,2020,11,11,Wednesday,134.18,130.5375,134.3488,129.4825,40474360.0,7,1,8,16
314,NVDA,2020-11-12,2020,11,12,Thursday,134.5675,134.7893,137.66,133.16,36663500.0,5,4,2,11
315,NVDA,2020-11-13,2020,11,13,Friday,132.97,136.2728,136.6875,130.5925,34676232.0,6,3,2,11
316,NVDA,2020-11-14,2020,11,14,Saturday,133.6975,134.75686666666667,136.62333333333333,130.915,36909981.333333336,2,0,0,2
317,NVDA,2020-11-15,2020,11,15,Sunday,134.425,133.24093333333332,136.55916666666667,131.2375,39143730.666666664,2,0,3,5
318,NVDA,2020-11-16,2020,11,16,Monday,135.1525,131.725,136.495,131.56,41377480.0,2,0,5,7
319,NVDA,2020-11-17,2020,11,17,Tuesday,134.2225,135.525,135.9625,133.0387,31202796.0,7,1,4,12
320,NVDA,2020-11-18,2020,11,18,Wednesday,134.2875,134.6525,136.0575,131.85,51092520.0,6,1,15,22
321,NVDA,2020-11-19,2020,11,19,Thursday,134.4025,132.1275,134.875,131.0,56593440.0,3,2,7,12
322,NVDA,2020-11-20,2020,11,20,Friday,130.8775,134.54,134.945,130.65,34108980.0,2,0,3,5
323,NVDA,2020-11-21,2020,11,21,Saturday,131.05166666666668,133.59709999999998,134.57166666666666,130.485,34784460.0,0,4,1,5
324,NVDA,2020-11-22,2020,11,22,Sunday,131.22583333333333,132.6542,134.19833333333332,130.32,35459940.0,4,1,2,7
325,NVDA,2020-11-23,2020,11,23,Monday,131.4,131.7113,133.825,130.155,36135420.0,5,0,5,10
326,NVDA,2020-11-24,2020,11,24,Tuesday,129.5775,131.425,131.62,128.85,34649996.0,2,2,5,9
327,NVDA,2020-11-25,2020,11,25,Wednesday,132.3475,130.325,132.6939,130.2,25991640.0,7,3,3,13
328,NVDA,2020-11-26,2020,11,26,Thursday,132.48000000000002,132.0375,133.38445000000002,130.95274999999998,21359580.0,0,1,3,4
329,NVDA,2020-11-27,2020,11,27,Friday,132.6125,133.75,134.075,131.7055,16727520.0,1,0,2,3
330,NVDA,2020-11-28,2020,11,28,Saturday,133.08,133.38333333333333,134.09166666666667,131.04483333333334,20716746.666666668,5,0,2,7
331,NVDA,2020-11-29,2020,11,29,Sunday,133.54749999999999,133.01666666666668,134.10833333333332,130.38416666666666,24705973.333333332,5,1,1,7
332,NVDA,2020-11-30,2020,11,30,Monday,134.015,132.65,134.125,129.7235,28695200.0,5,1,3,9
333,NVDA,2020-12-01,2020,12,1,Tuesday,133.9,134.9225,135.2875,132.2825,29757128.0,7,1,6,14
334,NVDA,2020-12-02,2020,12,2,Wednesday,135.445,133.505,136.7344,132.3425,28336120.0,3,0,7,10
335,NVDA,2020-12-03,2020,12,3,Thursday,133.96,135.875,136.6,133.29,19952064.0,3,0,4,7
336,NVDA,2020-12-04,2020,12,4,Friday,135.5825,134.485,135.6,133.8869,20224340.0,1,5,3,9
337,NVDA,2020-12-05,2020,12,5,Saturday,135.74416666666667,134.99416666666667,136.17083333333332,134.25793333333334,20924334.666666668,1,1,0,2
338,NVDA,2020-12-06,2020,12,6,Sunday,135.90583333333333,135.50333333333333,136.74166666666667,134.62896666666666,21624329.333333332,0,0,1,1
339,NVDA,2020-12-07,2020,12,7,Monday,136.0675,136.0125,137.3125,135.0,22324324.0,5,0,3,8
340,NVDA,2020-12-08,2020,12,8,Tuesday,133.5,135.85,135.9875,132.815,27192088.0,9,1,4,14
341,NVDA,2020-12-09,2020,12,9,Wednesday,129.3075,133.005,134.14,128.6824,40130120.0,5,0,1,6
342,NVDA,2020-12-10,2020,12,10,Thursday,129.7225,128.69,130.6875,128.4938,20776472.0,6,3,3,12
343,NVDA,2020-12-11,2020,12,11,Friday,130.1325,129.6725,130.2,128.23,20926564.0,1,0,7,8
344,NVDA,2020-12-12,2020,12,12,Saturday,131.1175,130.0746,131.42916666666665,129.07833333333332,22956305.333333332,1,0,1,2
345,NVDA,2020-12-13,2020,12,13,Sunday,132.1025,130.47670000000002,132.65833333333333,129.92666666666668,24986046.666666668,1,1,3,5
346,NVDA,2020-12-14,2020,12,14,Monday,133.0875,130.8788,133.8875,130.775,27015788.0,1,1,9,11
347,NVDA,2020-12-15,2020,12,15,Tuesday,133.605,134.3975,134.64,131.8675,19348592.0,5,1,4,10
348,NVDA,2020-12-16,2020,12,16,Wednesday,132.425,134.225,134.3725,132.125,22311468.0,1,0,3,4
349,NVDA,2020-12-17,2020,12,17,Thursday,133.4125,133.6675,133.795,131.785,23138388.0,3,4,7,14
350,NVDA,2020-12-18,2020,12,18,Friday,132.72,133.79,134.05,130.705,34206464.0,4,1,3,8
351,NVDA,2020-12-20,2020,12,20,Sunday,133.02125,132.26875,133.875,130.19,32219840.0,3,1,1,5
352,NVDA,2020-12-21,2020,12,21,Monday,133.3225,130.7475,133.7,129.675,30233216.0,3,0,4,7
353,NVDA,2020-12-22,2020,12,22,Tuesday,132.7825,133.1925,133.3725,130.5388,18631488.0,5,1,6,12
354,NVDA,2020-12-23,2020,12,23,Wednesday,130.0925,132.56,132.75,130.05,17914276.0,3,0,2,5
355,NVDA,2020-12-24,2020,12,24,Thursday,129.9375,130.3725,131.325,129.3875,9788352.0,1,1,3,5
356,NVDA,2020-12-25,2020,12,25,Friday,129.703125,130.43562500000002,131.14999999999998,128.948575,12655405.0,0,0,2,2
357,NVDA,2020-12-26,2020,12,26,Saturday,129.46875,130.49875,130.975,128.50965,15522458.0,1,0,2,3
358,NVDA,2020-12-27,2020,12,27,Sunday,129.234375,130.561875,130.8,128.07072499999998,18389511.0,1,1,1,3
359,NVDA,2020-12-28,2020,12,28,Monday,129.0,130.625,130.625,127.6318,21256564.0,2,2,3,7
360,NVDA,2020-12-29,2020,12,29,Tuesday,129.4325,129.25,130.725,128.4225,17037216.0,1,1,4,6
361,NVDA,2020-12-30,2020,12,30,Wednesday,131.4575,129.903,132.1375,128.9675,22539716.0,1,3,3,7
362,NVDA,2020-12-31,2020,12,31,Thursday,130.55,131.365,131.5112,129.15,19242440.0,5,0,5,10
363,NVDA,2021-01-01,2021,1,1,Friday,130.69625000000002,131.284375,132.76465000000002,129.26875,28447880.0,2,1,0,3
364,NVDA,2021-01-02,2021,1,2,Saturday,130.8425,131.20375,134.0181,129.3875,37653320.0,1,1,1,3
365,NVDA,2021-01-03,2021,1,3,Sunday,130.98874999999998,131.123125,135.27155,129.50625,46858760.0,4,0,0,4
366,NVDA,2021-01-04,2021,1,4,Monday,131.135,131.0425,136.525,129.625,56064200.0,8,1,4,13
367,NVDA,2021-01-05,2021,1,5,Tuesday,134.0475,130.9975,134.435,130.87,32275992.0,6,1,4,11
368,NVDA,2021-01-06,2021,1,6,Wednesday,126.145,132.225,132.45,125.86,58042320.0,2,0,5,7
369,NVDA,2021-01-07,2021,1,7,Thursday,133.44,129.675,133.7775,128.865,46148160.0,6,1,5,12
370,NVDA,2021-01-08,2021,1,8,Friday,132.7675,133.625,134.21,130.42,29252860.0,1,2,0,3
371,NVDA,2021-01-09,2021,1,9,Saturday,133.91666666666669,133.8125,136.01000000000002,131.48833333333332,36802866.666666664,6,0,6,12
372,NVDA,2021-01-10,2021,1,10,Sunday,135.06583333333333,134.0,137.81,132.55666666666667,44352873.333333336,7,2,2,11
373,NVDA,2021-01-11,2021,1,11,Monday,136.215,134.1875,139.61,133.625,51902880.0,4,1,3,8
374,NVDA,2021-01-12,2021,1,12,Tuesday,134.8475,137.525,137.545,133.45,29147772.0,4,3,13,20
375,NVDA,2021-01-13,2021,1,13,Wednesday,135.3175,134.8997,136.25,133.85,21002844.0,3,1,5,9
376,NVDA,2021-01-14,2021,1,14,Thursday,132.0025,135.75,135.9975,131.805,28312028.0,2,0,1,3
377,NVDA,2021-01-15,2021,1,15,Friday,128.595,132.28,133.2525,128.485,27778128.0,1,0,2,3
378,NVDA,2021-01-16,2021,1,16,Saturday,129.009375,131.750625,132.674325,128.47375,26488268.0,2,1,2,5
379,NVDA,2021-01-17,2021,1,17,Sunday,129.42374999999998,131.22125,132.09615,128.4625,25198408.0,0,0,2,2
380,NVDA,2021-01-18,2021,1,18,Monday,129.838125,130.69187499999998,131.51797499999998,128.45125000000002,23908548.0,1,0,2,3
381,NVDA,2021-01-19,2021,1,19,Tuesday,130.2525,130.1625,130.9398,128.44,22618688.0,4,1,5,10
382,NVDA,2021-01-20,2021,1,20,Wednesday,133.6575,131.1175,134.305,130.5675,25857088.0,6,0,8,14
383,NVDA,2021-01-21,2021,1,21,Thursday,138.675,134.186,139.9936,132.53,33833960.0,9,1,9,19
384,NVDA,2021-01-22,2021,1,22,Friday,137.125,137.4009,138.4173,136.2725,24681856.0,6,0,4,10
385,NVDA,2021-01-23,2021,1,23,Saturday,136.9275,137.53976666666668,138.3732,134.96993333333333,24824942.666666668,1,0,2,3
386,NVDA,2021-01-24,2021,1,24,Sunday,136.73,137.67863333333332,138.3291,133.66736666666668,24968029.333333332,1,0,4,5
387,NVDA,2021-01-25,2021,1,25,Monday,136.5325,137.8175,138.285,132.3648,25111116.0,6,2,6,14
388,NVDA,2021-01-26,2021,1,26,Tuesday,134.3525,135.8045,136.4475,133.875,16398040.0,3,3,4,10
389,NVDA,2021-01-27,2021,1,27,Wednesday,129.1775,132.3,132.3275,127.9375,37127284.0,1,2,8,11
390,NVDA,2021-01-28,2021,1,28,Thursday,130.51,129.9625,133.3975,129.605,22831596.0,4,2,2,8
391,NVDA,2021-01-29,2021,1,29,Friday,129.8975,130.75,133.3475,129.1151,27155204.0,1,2,2,5
392,NVDA,2021-01-30,2021,1,30,Saturday,130.72166666666666,130.67783333333333,133.13416666666666,129.0859,25343613.333333332,2,1,1,4
393,NVDA,2021-01-31,2021,1,31,Sunday,131.54583333333335,130.60566666666668,132.92083333333335,129.0567,23532022.666666668,4,2,1,7
394,NVDA,2021-02-01,2021,2,1,Monday,132.37,130.5335,132.7075,129.0275,21720432.0,3,3,1,7
395,NVDA,2021-02-02,2021,2,2,Tuesday,135.5675,133.9875,135.72,132.855,22043828.0,3,3,4,10
396,NVDA,2021-02-03,2021,2,3,Wednesday,135.305,136.36,139.3175,135.165,24540928.0,6,3,4,13
397,NVDA,2021-02-04,2021,2,4,Thursday,136.6425,135.31,136.735,133.3786,20133848.0,9,0,6,15
398,NVDA,2021-02-05,2021,2,5,Friday,135.91,137.25,137.3725,135.4575,16915364.0,4,0,6,10
399,NVDA,2021-02-06,2021,2,6,Saturday,138.73583333333332,137.2574,139.82750000000001,136.0624,25764336.0,4,1,1,6
400,NVDA,2021-02-07,2021,2,7,Sunday,141.56166666666667,137.2648,142.2825,136.6673,34613308.0,2,2,1,5
401,NVDA,2021-02-08,2021,2,8,Monday,144.3875,137.2722,144.7375,137.2722,43462280.0,12,1,15,28
402,NVDA,2021-02-09,2021,2,9,Tuesday,142.6325,143.4063,145.8325,142.225,28756012.0,12,6,9,27
403,NVDA,2021-02-10,2021,2,10,Wednesday,147.6425,144.6325,149.05,143.4137,48535240.0,10,2,11,23
404,NVDA,2021-02-11,2021,2,11,Thursday,152.5075,149.8025,152.7225,149.25,45082760.0,19,4,6,29
405,NVDA,2021-02-12,2021,2,12,Friday,149.6125,150.5,152.9114,147.75,37475748.0,12,3,8,23
406,NVDA,2021-02-13,2021,2,13,Saturday,150.53500000000003,150.535625,153.1148,148.1875,36155799.0,6,1,3,10
407,NVDA,2021-02-14,2021,2,14,Sunday,151.4575,150.57125000000002,153.3182,148.625,34835850.0,3,0,2,5
408,NVDA,2021-02-15,2021,2,15,Monday,152.38,150.606875,153.52159999999998,149.0625,33515901.0,6,0,0,6
409,NVDA,2021-02-16,2021,2,16,Tuesday,153.3025,150.6425,153.725,149.5,32195952.0,6,1,7,14
410,NVDA,2021-02-17,2021,2,17,Wednesday,149.06,151.71,152.2352,147.8,27569868.0,6,2,6,14
411,NVDA,2021-02-18,2021,2,18,Thursday,148.29,147.29,148.7325,145.75,23408080.0,5,3,4,12
412,NVDA,2021-02-19,2021,2,19,Friday,149.265,150.245,151.77,148.467,27172412.0,9,1,6,16
413,NVDA,2021-02-20,2021,2,20,Saturday,147.36249999999998,149.4125,151.62416666666667,146.728,28977793.333333332,0,3,5,8
414,NVDA,2021-02-21,2021,2,21,Sunday,145.46,148.58,151.47833333333335,144.989,30783174.666666668,4,3,1,8
415,NVDA,2021-02-22,2021,2,22,Monday,143.5575,147.7475,151.3325,143.25,32588556.0,2,8,8,18
416,NVDA,2021-02-23,2021,2,23,Tuesday,141.42,140.7525,142.3875,133.895,39177932.0,5,3,4,12
417,NVDA,2021-02-24,2021,2,24,Wednesday,144.99,141.2275,145.0675,137.56,44831920.0,9,4,12,25
418,NVDA,2021-02-25,2021,2,25,Thursday,133.075,140.4543,143.7475,132.1625,82443600.0,7,4,14,25
419,NVDA,2021-02-26,2021,2,26,Friday,137.145,137.525,138.545,133.61,50093040.0,8,3,0,11
420,NVDA,2021-02-27,2021,2,27,Saturday,137.56916666666666,137.93333333333334,138.78,134.25083333333333,45168126.666666664,0,1,1,2
421,NVDA,2021-02-28,2021,2,28,Sunday,137.99333333333334,138.34166666666667,139.015,134.89166666666668,40243213.333333336,1,0,1,2
422,NVDA,2021-03-01,2021,3,1,Monday,138.4175,138.75,139.25,135.5325,35318300.0,5,1,3,9
423,NVDA,2021-03-02,2021,3,2,Tuesday,134.0625,139.0,139.205,133.96,26411412.0,3,3,4,10
424,NVDA,2021-03-03,2021,3,3,Wednesday,128.0475,134.2625,134.515,127.9875,37759028.0,2,1,9,12
425,NVDA,2021-03-04,2021,3,4,Thursday,123.7025,128.0075,129.75,120.8375,57334520.0,8,1,4,13
426,NVDA,2021-03-05,2021,3,5,Friday,124.615,125.5,125.5,116.7925,54283880.0,5,1,7,13
427,NVDA,2021-03-06,2021,3,6,Saturday,121.72083333333333,125.16666666666667,125.2375,116.41666666666667,54292973.333333336,1,4,2,7
428,NVDA,2021-03-07,2021,3,7,Sunday,118.82666666666667,124.83333333333333,124.97500000000001,116.04083333333334,54302066.666666664,0,0,1,1
429,NVDA,2021-03-08,2021,3,8,Monday,115.9325,124.5,124.7125,115.665,54311160.0,3,3,9,15
430,NVDA,2021-03-09,2021,3,9,Tuesday,125.2025,121.3025,126.1675,120.5925,52182560.0,9,5,7,21
431,NVDA,2021-03-10,2021,3,10,Wednesday,124.6825,128.405,129.8,124.575,38437656.0,3,0,7,10
432,NVDA,2021-03-11,2021,3,11,Thursday,129.935,129.5,130.4625,127.345,29991428.0,5,5,3,13
433,NVDA,2021-03-12,2021,3,12,Friday,128.56,126.4825,128.8875,125.9,24396396.0,3,1,5,9
434,NVDA,2021-03-13,2021,3,13,Saturday,129.6775,127.20416666666667,129.9475,126.49043333333334,23681612.0,4,0,9,13
435,NVDA,2021-03-14,2021,3,14,Sunday,130.795,127.92583333333334,131.0075,127.08086666666667,22966828.0,2,0,1,3
436,NVDA,2021-03-15,2021,3,15,Monday,131.9125,128.6475,132.0675,127.6713,22252044.0,4,1,4,9
437,NVDA,2021-03-16,2021,3,16,Tuesday,132.9125,133.565,135.125,131.1675,27212960.0,9,0,2,11
438,NVDA,2021-03-17,2021,3,17,Wednesday,133.4125,130.3975,134.5325,129.895,24386420.0,3,1,6,10
439,NVDA,2021-03-18,2021,3,18,Thursday,127.225,131.365,131.84,127.1704,29418808.0,4,1,4,9
440,NVDA,2021-03-19,2021,3,19,Friday,128.4575,127.5,129.215,126.125,29920696.0,4,3,7,14
441,NVDA,2021-03-20,2021,3,20,Saturday,129.5925,128.0425,130.79166666666666,127.10583333333334,29873900.0,0,1,2,3
442,NVDA,2021-03-21,2021,3,21,Sunday,130.72750000000002,128.585,132.36833333333334,128.08666666666667,29827104.0,2,3,2,7
443,NVDA,2021-03-22,2021,3,22,Monday,131.8625,129.1275,133.945,129.0675,29780308.0,3,2,9,14
444,NVDA,2021-03-23,2021,3,23,Tuesday,130.7075,132.5425,133.445,130.2125,22204608.0,6,2,4,12
445,NVDA,2021-03-24,2021,3,24,Wednesday,126.43,131.5125,131.5913,126.3675,24583852.0,2,2,3,7
446,NVDA,2021-03-25,2021,3,25,Thursday,125.3525,124.995,127.1475,122.72,29514456.0,2,1,5,8
447,NVDA,2021-03-26,2021,3,26,Friday,128.3925,125.545,128.5625,123.735,36396896.0,7,3,3,13
448,NVDA,2021-03-27,2021,3,27,Saturday,128.75583333333333,126.43083333333333,129.25,124.82333333333334,33381926.666666668,6,3,4,13
449,NVDA,2021-03-28,2021,3,28,Sunday,129.11916666666667,127.31666666666666,129.9375,125.91166666666666,30366957.333333332,3,2,2,7
450,NVDA,2021-03-29,2021,3,29,Monday,129.4825,128.2025,130.625,127.0,27351988.0,0,0,7,7
451,NVDA,2021-03-30,2021,3,30,Tuesday,128.7175,128.4195,129.7525,127.05,20020248.0,5,3,3,11
452,NVDA,2021-03-31,2021,3,31,Wednesday,133.4825,130.155,134.705,129.825,31477752.0,5,2,4,11
453,NVDA,2021-04-01,2021,4,1,Thursday,138.1175,135.7225,138.7,135.1125,30827460.0,4,1,4,9
454,NVDA,2021-04-02,2021,4,2,Friday,138.556875,136.460625,139.0599,135.666875,29512380.0,2,1,2,5
455,NVDA,2021-04-03,2021,4,3,Saturday,138.99625,137.19875000000002,139.4198,136.22125,28197300.0,3,2,2,7
456,NVDA,2021-04-04,2021,4,4,Sunday,139.43562500000002,137.93687500000001,139.7797,136.77562500000002,26882220.0,0,3,1,4
457,NVDA,2021-04-05,2021,4,5,Monday,139.875,138.675,140.1396,137.33,25567140.0,3,2,7,12
458,NVDA,2021-04-06,2021,4,6,Tuesday,138.615,139.9968,140.5412,137.7362,19174596.0,8,2,5,15
459,NVDA,2021-04-07,2021,4,7,Wednesday,141.435,138.8075,142.435,137.115,25128436.0,3,4,4,11
460,NVDA,2021-04-08,2021,4,8,Thursday,143.17,142.5275,144.715,142.4894,24441492.0,3,2,5,10
461,NVDA,2021-04-09,2021,4,9,Friday,144.0,142.14,144.08,141.75,19517088.0,6,5,4,15
462,NVDA,2021-04-10,2021,4,10,Saturday,146.69666666666666,142.39249999999998,147.22833333333335,141.63083333333333,41988792.0,2,0,2,4
463,NVDA,2021-04-11,2021,4,11,Sunday,149.39333333333335,142.645,150.37666666666667,141.51166666666668,64460496.0,1,0,3,4
464,NVDA,2021-04-12,2021,4,12,Monday,152.09,142.8975,153.525,141.3925,86932200.0,10,6,16,32
465,NVDA,2021-04-13,2021,4,13,Tuesday,156.795,152.315,157.0,151.2575,67621200.0,13,8,28,49
466,NVDA,2021-04-14,2021,4,14,Wednesday,152.77,156.25,157.2046,152.275,38550192.0,4,0,4,8
467,NVDA,2021-04-15,2021,4,15,Thursday,161.3725,156.625,162.1415,156.315,59848080.0,8,3,9,20
468,NVDA,2021-04-16,2021,4,16,Friday,159.125,160.531,161.6575,158.6525,33520756.0,4,3,5,12
469,NVDA,2021-04-17,2021,4,17,Saturday,157.28916666666666,158.80913333333334,160.46333333333334,156.54500000000002,35827770.666666664,2,1,3,6
470,NVDA,2021-04-18,2021,4,18,Sunday,155.45333333333335,157.08726666666666,159.26916666666665,154.4375,38134785.333333336,4,0,2,6
471,NVDA,2021-04-19,2021,4,19,Monday,153.6175,155.3654,158.075,152.33,40441800.0,11,2,8,21
472,NVDA,2021-04-20,2021,4,20,Tuesday,151.7125,153.2325,154.97,149.63,33413304.0,4,6,7,17
473,NVDA,2021-04-21,2021,4,21,Wednesday,153.605,151.1875,153.625,151.0225,21677704.0,10,3,5,18
474,NVDA,2021-04-22,2021,4,22,Thursday,148.5025,153.75,154.3857,147.835,27778628.0,5,0,2,7
475,NVDA,2021-04-23,2021,4,23,Friday,152.6525,149.3438,153.3488,149.0025,22777220.0,3,1,6,10
476,NVDA,2021-04-24,2021,4,24,Saturday,153.36166666666668,150.17936666666665,153.82920000000001,149.75166666666667,21778049.333333332,2,0,2,4
477,NVDA,2021-04-25,2021,4,25,Sunday,154.07083333333333,151.01493333333335,154.3096,150.50083333333333,20778878.666666668,3,2,0,5
478,NVDA,2021-04-26,2021,4,26,Monday,154.78,151.8505,154.79,151.25,19779708.0,4,0,4,8
479,NVDA,2021-04-27,2021,4,27,Tuesday,153.8175,155.785,156.705,153.545,16457300.0,0,3,5,8
480,NVDA,2021-04-28,2021,4,28,Wednesday,152.7675,153.645,155.3225,152.1552,20941620.0,2,1,2,5
481,NVDA,2021-04-29,2021,4,29,Thursday,153.2475,154.0,154.365,150.715,17319648.0,2,2,8,12
482,NVDA,2021-04-30,2021,4,30,Friday,150.095,151.745,153.65,149.97,20191008.0,2,1,2,5
483,NVDA,2021-05-01,2021,5,1,Saturday,149.51916666666668,151.58,153.25583333333333,149.27166666666668,20257733.333333332,6,1,0,7
484,NVDA,2021-05-02,2021,5,2,Sunday,148.94333333333333,151.415,152.86166666666668,148.57333333333332,20324458.666666668,7,0,1,8
485,NVDA,2021-05-03,2021,5,3,Monday,148.3675,151.25,152.4675,147.875,20391184.0,3,0,5,8
486,NVDA,2021-05-04,2021,5,4,Tuesday,143.5125,146.3725,146.375,140.1025,40532480.0,4,1,4,9
487,NVDA,2021-05-05,2021,5,5,Wednesday,144.585,147.09,148.135,143.875,29202304.0,8,2,3,13
488,NVDA,2021-05-06,2021,5,6,Thursday,145.23,144.9525,145.7125,142.1809,19338092.0,5,0,0,5
489,NVDA,2021-05-07,2021,5,7,Friday,148.1225,148.0825,149.7075,146.7171,22932732.0,4,0,2,6
490,NVDA,2021-05-08,2021,5,8,Saturday,146.30083333333334,148.01250000000002,149.15833333333333,145.3114,24251948.0,1,0,0,1
491,NVDA,2021-05-09,2021,5,9,Sunday,144.47916666666666,147.9425,148.60916666666668,143.9057,25571164.0,2,0,1,3
492,NVDA,2021-05-10,2021,5,10,Monday,142.6575,147.8725,148.06,142.5,26890380.0,0,2,2,4
493,NVDA,2021-05-11,2021,5,11,Tuesday,143.0625,138.25,143.5475,137.5,28558536.0,4,1,2,7
494,NVDA,2021-05-12,2021,5,12,Wednesday,137.585,140.095,142.6025,137.0925,30340932.0,2,1,2,5
495,NVDA,2021-05-13,2021,5,13,Thursday,136.6525,140.3375,140.8075,134.59,28572748.0,2,0,2,4
496,NVDA,2021-05-14,2021,5,14,Friday,142.43,138.9,143.281,137.485,25861500.0,4,2,11,17
497,NVDA,2021-05-15,2021,5,15,Saturday,142.17166666666668,139.79,142.7515,137.835,24457294.666666668,3,0,0,3
498,NVDA,2021-05-16,2021,5,16,Sunday,141.91333333333333,140.68,142.222,138.185,23053089.333333332,2,0,1,3
499,NVDA,2021-05-17,2021,5,17,Monday,141.655,141.57,141.6925,138.535,21648884.0,3,2,3,8
500,NVDA,2021-05-18,2021,5,18,Tuesday,140.1575,142.67,144.0425,140.04,18625424.0,6,0,2,8
501,NVDA,2021-05-19,2021,5,19,Wednesday,140.6575,135.665,140.795,135.4325,34399936.0,2,1,4,7
502,NVDA,2021-05-20,2021,5,20,Thursday,146.125,143.025,146.8379,142.705,32159192.0,12,1,2,15
503,NVDA,2021-05-21,2021,5,21,Friday,149.9175,151.6375,152.22,148.6939,67299200.0,14,3,16,33
504,NVDA,2021-05-22,2021,5,22,Saturday,151.98499999999999,151.79999999999998,153.96333333333334,149.71593333333334,63360013.333333336,2,1,2,5
505,NVDA,2021-05-23,2021,5,23,Sunday,154.0525,151.9625,155.70666666666665,150.73796666666667,59420826.666666664,1,1,2,4
506,NVDA,2021-05-24,2021,5,24,Monday,156.12,152.125,157.45,151.76,55481640.0,8,4,12,24
507,NVDA,2021-05-25,2021,5,25,Tuesday,156.4775,157.66,158.185,154.825,43540680.0,9,4,3,16
508,NVDA,2021-05-26,2021,5,26,Wednesday,157.0,157.3425,157.9375,155.8625,37043864.0,11,1,17,29
509,NVDA,2021-05-27,2021,5,27,Thursday,154.88,156.9975,157.5,154.6,58147520.0,6,2,9,17
510,NVDA,2021-05-28,2021,5,28,Friday,162.445,155.01,162.7748,155.01,64453560.0,9,6,6,21
511,NVDA,2021-05-29,2021,5,29,Saturday,162.495,156.9325,163.0514,156.015625,60160250.0,3,1,6,10
512,NVDA,2021-05-30,2021,5,30,Sunday,162.54500000000002,158.855,163.328,157.02125,55866940.0,0,1,4,5
513,NVDA,2021-05-31,2021,5,31,Monday,162.595,160.77749999999997,163.6046,158.026875,51573630.0,1,2,0,3
514,NVDA,2021-06-01,2021,6,1,Tuesday,162.645,162.7,163.8812,159.0325,47280320.0,10,1,3,14
515,NVDA,2021-06-02,2021,6,2,Wednesday,167.7825,162.5225,169.1887,162.355,59416760.0,9,2,7,18
516,NVDA,2021-06-03,2021,6,3,Thursday,169.6975,167.0075,172.59,165.83,58000680.0,7,3,10,20
517,NVDA,2021-06-04,2021,6,4,Friday,175.7825,171.125,176.61,170.955,61712040.0,16,4,8,28
518,NVDA,2021-06-05,2021,6,5,Saturday,175.91833333333332,172.65383333333332,177.115,171.27916666666667,60333186.666666664,3,2,6,11
519,NVDA,2021-06-06,2021,6,6,Sunday,176.05416666666667,174.18266666666668,177.62,171.60333333333335,58954333.333333336,1,1,7,9
520,NVDA,2021-06-07,2021,6,7,Monday,176.19,175.7115,178.125,171.9275,57575480.0,6,0,5,11
521,NVDA,2021-06-08,2021,6,8,Tuesday,174.57,175.2725,176.2159,172.51,32384676.0,5,2,4,11
522,NVDA,2021-06-09,2021,6,9,Wednesday,173.5825,175.1575,175.75,172.5575,38165748.0,7,1,5,13
523,NVDA,2021-06-10,2021,6,10,Thursday,174.25,173.5,174.92,171.76,28777044.0,3,2,6,11
524,NVDA,2021-06-11,2021,6,11,Friday,178.2525,174.795,179.3922,174.4375,41630760.0,6,0,6,12
525,NVDA,2021-06-12,2021,6,12,Saturday,178.8975,176.21666666666667,179.72646666666668,175.1675,38466316.0,5,1,2,8
526,NVDA,2021-06-13,2021,6,13,Sunday,179.5425,177.63833333333332,180.06073333333333,175.8975,35301872.0,0,1,3,4
527,NVDA,2021-06-14,2021,6,14,Monday,180.1875,179.06,180.395,176.6275,32137428.0,8,0,7,15
528,NVDA,2021-06-15,2021,6,15,Tuesday,177.885,179.15,180.1625,177.2795,24303044.0,2,1,2,5
529,NVDA,2021-06-16,2021,6,16,Wednesday,178.1025,177.9075,179.5468,175.8442,30712260.0,4,1,1,6
530,NVDA,2021-06-17,2021,6,17,Thursday,186.5725,177.7457,188.35,177.5625,80965480.0,8,1,7,16
531,NVDA,2021-06-18,2021,6,18,Friday,186.3875,187.84,193.75,185.84,96885440.0,11,3,14,28
532,NVDA,2021-06-19,2021,6,19,Saturday,185.6825,186.6775,190.955,183.30216666666666,87003026.66666667,4,0,3,7
533,NVDA,2021-06-20,2021,6,20,Sunday,184.9775,185.515,188.16,180.76433333333333,77120613.33333333,3,1,3,7
534,NVDA,2021-06-21,2021,6,21,Monday,184.2725,184.3525,185.365,178.2265,67238200.0,9,1,11,21
535,NVDA,2021-06-22,2021,6,22,Tuesday,188.8675,184.715,189.6375,183.8587,58014560.0,8,4,2,14
536,NVDA,2021-06-23,2021,6,23,Wednesday,190.5725,190.0775,191.5275,189.0775,33235704.0,3,0,1,4
537,NVDA,2021-06-24,2021,6,24,Thursday,192.055,192.2775,194.2,190.8825,32092240.0,3,1,1,5
538,NVDA,2021-06-25,2021,6,25,Friday,190.31,192.805,193.455,188.9437,27836592.0,3,2,1,6
539,NVDA,2021-06-26,2021,6,26,Saturday,193.49,193.07416666666668,195.89916666666667,190.35913333333335,35072274.666666664,2,0,4,6
540,NVDA,2021-06-27,2021,6,27,Sunday,196.67,193.34333333333333,198.34333333333333,191.77456666666666,42307957.333333336,2,0,1,3
541,NVDA,2021-06-28,2021,6,28,Monday,199.85,193.6125,200.7875,193.19,49543640.0,16,2,5,23
542,NVDA,2021-06-29,2021,6,29,Tuesday,200.2675,198.825,200.9875,196.5687,36763384.0,10,3,0,13
543,NVDA,2021-06-30,2021,6,30,Wednesday,200.025,199.9913,201.625,198.6375,32656616.0,8,2,4,14
544,NVDA,2021-07-01,2021,7,1,Thursday,202.12,201.25,204.56,200.19,48013480.0,14,3,3,20
545,NVDA,2021-07-02,2021,7,2,Friday,204.87,204.4013,205.0525,202.8775,34339668.0,6,1,6,13
546,NVDA,2021-07-03,2021,7,3,Saturday,205.39875,205.144725,205.894375,203.03375,36922441.0,3,4,3,10
547,NVDA,2021-07-04,2021,7,4,Sunday,205.9275,205.88815,206.73624999999998,203.19,39505214.0,1,0,0,1
548,NVDA,2021-07-05,2021,7,5,Monday,206.45625,206.631575,207.578125,203.34625,42087987.0,1,0,3,4
549,NVDA,2021-07-06,2021,7,6,Tuesday,206.985,207.375,208.42,203.5025,44670760.0,12,3,5,20
550,NVDA,2021-07-07,2021,7,7,Wednesday,203.7175,208.535,208.75,203.3205,41842720.0,3,4,5,12
551,NVDA,2021-07-08,2021,7,8,Thursday,199.0275,198.565,201.33,197.0075,50329960.0,10,1,1,12
552,NVDA,2021-07-09,2021,7,9,Friday,200.5025,199.625,200.8013,197.5425,29662268.0,5,2,9,16
553,NVDA,2021-07-10,2021,7,10,Saturday,202.04333333333332,200.55,202.31003333333334,198.98749999999998,30507670.666666668,3,2,6,11
554,NVDA,2021-07-11,2021,7,11,Sunday,203.58416666666668,201.475,203.81876666666665,200.4325,31353073.333333332,2,2,0,4
555,NVDA,2021-07-12,2021,7,12,Monday,205.125,202.4,205.3275,201.8775,32198476.0,6,3,3,12
556,NVDA,2021-07-13,2021,7,13,Tuesday,202.5,204.005,204.6125,201.14,29070632.0,8,4,4,16
557,NVDA,2021-07-14,2021,7,14,Wednesday,198.415,203.5775,204.1775,197.5275,38009920.0,3,2,1,6
558,NVDA,2021-07-15,2021,7,15,Thursday,189.6625,198.1175,198.47,188.585,55056440.0,5,7,14,26
559,NVDA,2021-07-16,2021,7,16,Friday,181.61,190.305,191.5711,180.73,68822280.0,7,2,13,22
560,NVDA,2021-07-17,2021,7,17,Saturday,183.6725,186.5875,191.1874,180.03833333333333,70850146.66666667,4,0,7,11
561,NVDA,2021-07-18,2021,7,18,Sunday,185.735,182.87,190.8037,179.34666666666666,72878013.33333333,3,2,0,5
562,NVDA,2021-07-19,2021,7,19,Monday,187.7975,179.1525,190.42,178.655,74905880.0,20,2,9,31
563,NVDA,2021-07-20,2021,7,20,Tuesday,186.12,187.3,188.38,181.64,43468650.0,19,5,7,31
564,NVDA,2021-07-21,2021,7,21,Wednesday,194.1,188.82,195.27,187.42,37101740.0,13,4,13,30
565,NVDA,2021-07-22,2021,7,22,Thursday,195.94,196.42,198.87,192.76,32382600.0,5,0,7,12
566,NVDA,2021-07-23,2021,7,23,Friday,195.58,196.564,197.0,192.5,19567200.0,6,1,3,10
567,NVDA,2021-07-24,2021,7,24,Saturday,194.70000000000002,195.41266666666667,196.14,191.38,19842906.666666668,0,1,1,2
568,NVDA,2021-07-25,2021,7,25,Sunday,193.82,194.26133333333334,195.28,190.26,20118613.333333332,5,1,3,9
569,NVDA,2021-07-26,2021,7,26,Monday,192.94,193.11,194.42,189.14,20394320.0,5,1,1,7
570,NVDA,2021-07-27,2021,7,27,Tuesday,192.08,192.65,196.22,187.41,24886260.0,3,0,3,6
571,NVDA,2021-07-28,2021,7,28,Wednesday,195.03,193.192,196.46,189.95,20219120.0,4,3,4,11
572,NVDA,2021-07-29,2021,7,29,Thursday,196.62,195.19,198.53,193.2803,19078090.0,3,2,2,7
573,NVDA,2021-07-30,2021,7,30,Friday,194.99,194.18,196.3,192.63,18349750.0,3,0,3,6
574,NVDA,2021-07-31,2021,7,31,Saturday,195.82666666666668,195.12,197.40333333333334,192.95666666666668,19481300.0,4,1,1,6
575,NVDA,2021-08-01,2021,8,1,Sunday,196.66333333333333,196.06,198.5066666666667,193.28333333333333,20612850.0,1,0,0,1
576,NVDA,2021-08-02,2021,8,2,Monday,197.5,197.0,199.61,193.61,21744400.0,7,0,3,10
577,NVDA,2021-08-03,2021,8,3,Tuesday,198.15,197.4,202.22,192.2,30181070.0,5,2,9,16
578,NVDA,2021-08-04,2021,8,4,Wednesday,202.74,199.9,203.18,198.28,23130940.0,3,2,4,9
579,NVDA,2021-08-05,2021,8,5,Thursday,206.37,205.0,207.33,203.42,21143540.0,10,1,8,19
580,NVDA,2021-08-06,2021,8,6,Friday,203.66,205.24,205.7,202.1,17849660.0,4,3,2,9
581,NVDA,2021-08-07,2021,8,7,Saturday,203.42333333333332,204.98000000000002,205.4933,201.87666666666667,16781210.0,2,1,0,3
582,NVDA,2021-08-08,2021,8,8,Sunday,203.18666666666667,204.72,205.2866,201.65333333333334,15712760.0,2,1,1,4
583,NVDA,2021-08-09,2021,8,9,Monday,202.95,204.46,205.0799,201.43,14644310.0,5,2,0,7
584,NVDA,2021-08-10,2021,8,10,Tuesday,199.36,203.22,204.3,198.3454,17923780.0,3,3,5,11
585,NVDA,2021-08-11,2021,8,11,Wednesday,196.99,200.43,200.49,194.3,18592480.0,3,1,2,6
586,NVDA,2021-08-12,2021,8,12,Thursday,199.05,198.7,200.2899,196.2,15186160.0,8,1,1,10
587,NVDA,2021-08-13,2021,8,13,Friday,201.88,199.05,202.1381,198.51,18306290.0,3,1,4,8
588,NVDA,2021-08-14,2021,8,14,Saturday,201.08666666666667,199.81666666666666,202.38206666666667,197.18333333333334,19242620.0,5,2,3,10
589,NVDA,2021-08-15,2021,8,15,Sunday,200.29333333333332,200.58333333333334,202.62603333333334,195.85666666666665,20178950.0,4,2,4,10
590,NVDA,2021-08-16,2021,8,16,Monday,199.5,201.35,202.87,194.53,21115280.0,3,0,1,4
591,NVDA,2021-08-17,2021,8,17,Tuesday,194.58,196.85,197.7,192.67,20458490.0,4,2,2,8
592,NVDA,2021-08-18,2021,8,18,Wednesday,190.4,195.0,196.3365,190.0,28591350.0,9,2,11,22
593,NVDA,2021-08-19,2021,8,19,Thursday,197.98,194.94,204.95,187.62,76655480.0,23,7,23,53
594,NVDA,2021-08-20,2021,8,20,Friday,208.16,199.91,208.6506,199.33,67574130.0,17,5,10,32
595,NVDA,2021-08-21,2021,8,21,Saturday,211.96666666666667,203.17666666666668,212.42373333333333,202.72,64242973.333333336,10,2,3,15
596,NVDA,2021-08-22,2021,8,22,Sunday,215.77333333333334,206.44333333333333,216.19686666666666,206.11,60911816.666666664,3,0,6,9
597,NVDA,2021-08-23,2021,8,23,Monday,219.58,209.71,219.97,209.5,57580660.0,24,6,13,43
598,NVDA,2021-08-24,2021,8,24,Tuesday,217.93,217.53,219.59,215.35,29729890.0,6,2,5,13
599,NVDA,2021-08-25,2021,8,25,Wednesday,222.13,217.37,224.7,217.22,34770100.0,12,1,10,23
600,NVDA,2021-08-26,2021,8,26,Thursday,220.68,222.0,223.4,217.9,23794040.0,3,2,7,12
601,NVDA,2021-08-27,2021,8,27,Friday,226.36,221.84,227.22,221.67,30472220.0,7,3,4,14
602,NVDA,2021-08-28,2021,8,28,Saturday,226.53333333333333,223.99333333333334,228.29,222.95,29067476.666666668,2,1,2,5
603,NVDA,2021-08-29,2021,8,29,Sunday,226.70666666666668,226.14666666666668,229.36,224.23,27662733.333333332,5,2,3,10
604,NVDA,2021-08-30,2021,8,30,Monday,226.88,228.3,230.43,225.51,26257990.0,7,2,5,14
605,NVDA,2021-08-31,2021,8,31,Tuesday,223.85,226.95,226.95,221.2,25984970.0,7,4,10,21
606,NVDA,2021-09-01,2021,9,1,Wednesday,224.41,224.85,226.97,223.565,20176700.0,5,3,4,12
607,NVDA,2021-09-02,2021,9,2,Thursday,223.96,225.18,225.9299,222.945,18810960.0,13,2,1,16
608,NVDA,2021-09-03,2021,9,3,Friday,228.43,223.25,229.86,222.0,28083200.0,7,2,4,13
609,NVDA,2021-09-04,2021,9,4,Saturday,227.97750000000002,224.52,229.6425,222.80599999999998,26015080.0,1,1,0,2
610,NVDA,2021-09-05,2021,9,5,Sunday,227.525,225.79000000000002,229.425,223.612,23946960.0,1,0,5,6
611,NVDA,2021-09-06,2021,9,6,Monday,227.0725,227.06,229.2075,224.418,21878840.0,3,1,1,5
612,NVDA,2021-09-07,2021,9,7,Tuesday,226.62,228.33,228.99,225.224,19810720.0,3,0,5,8
613,NVDA,2021-09-08,2021,9,8,Wednesday,223.39,225.13,226.1,219.77,25443420.0,3,2,4,9
614,NVDA,2021-09-09,2021,9,9,Thursday,221.77,223.12,225.38,221.31,19685600.0,1,3,4,8
615,NVDA,2021-09-10,2021,9,10,Friday,224.78,223.483,226.26,222.7,24837570.0,6,2,2,10
616,NVDA,2021-09-11,2021,9,11,Saturday,223.69333333333333,224.602,227.38666666666666,221.32666666666665,26475043.333333332,0,0,1,1
617,NVDA,2021-09-12,2021,9,12,Sunday,222.60666666666668,225.721,228.51333333333332,219.95333333333335,28112516.666666668,3,0,0,3
618,NVDA,2021-09-13,2021,9,13,Monday,221.52,226.84,229.64,218.58,29749990.0,7,5,5,17
619,NVDA,2021-09-14,2021,9,14,Tuesday,222.42,222.75,224.1,220.86,19975460.0,2,1,7,10
620,NVDA,2021-09-15,2021,9,15,Wednesday,223.41,223.09,223.6699,219.66,16653800.0,2,2,3,7
621,NVDA,2021-09-16,2021,9,16,Thursday,222.42,221.835,222.77,219.27,15603340.0,8,4,3,15
622,NVDA,2021-09-17,2021,9,17,Friday,219.0,223.0,223.21,218.3,29450280.0,0,1,2,3
623,NVDA,2021-09-18,2021,9,18,Saturday,216.37666666666667,219.15333333333334,220.25,214.40666666666667,31281536.666666668,3,0,1,4
624,NVDA,2021-09-19,2021,9,19,Sunday,213.75333333333333,215.30666666666667,217.29000000000002,210.51333333333335,33112793.333333332,0,0,3,3
625,NVDA,2021-09-20,2021,9,20,Monday,211.13,211.46,214.33,206.62,34944050.0,3,4,3,10
626,NVDA,2021-09-21,2021,9,21,Tuesday,212.46,214.165,214.25,209.5,20468810.0,4,4,1,9
